{"termTheme":"dark","layouts":{"layout-1":{"data":{"layout-restorer:data":{"main":{"dock":{"type":"split-area","orientation":"horizontal","children":[{"type":"tab-area","widgets":["notebook:Guide.ipynb","editor:WRITEUP.md"],"currentIndex":0},{"type":"split-area","orientation":"vertical","children":[{"type":"tab-area","widgets":["editor:main.py","editor:inference.py"],"currentIndex":0},{"type":"tab-area","widgets":["terminal:1"],"currentIndex":0}],"sizes":[0.5,0.5]}],"sizes":[0.5,0.5]}}}}},"layout-2":{"data":{"layout-restorer:data":{"main":{"dock":{"type":"split-area","orientation":"horizontal","children":[{"type":"tab-area","widgets":["notebook:Guide.ipynb","editor:WRITEUP.md"],"currentIndex":0},{"type":"split-area","orientation":"vertical","children":[{"type":"tab-area","widgets":["editor:main.py","editor:inference.py"],"currentIndex":0},{"type":"tab-area","widgets":["terminal:1"],"currentIndex":0}],"sizes":[0.5,0.5]}],"sizes":[0.5,0.5]}}}}},"layout-3":{"data":{"layout-restorer:data":{"main":{"dock":{"type":"split-area","orientation":"horizontal","children":[{"type":"tab-area","widgets":["notebook:Guide.ipynb","editor:WRITEUP.md"],"currentIndex":0},{"type":"split-area","orientation":"vertical","children":[{"type":"tab-area","widgets":["editor:main.py","editor:inference.py"],"currentIndex":0},{"type":"tab-area","widgets":["terminal:1"],"currentIndex":0}],"sizes":[0.5,0.5]}],"sizes":[0.5,0.5]}}}}},"layout-4":{"data":{"layout-restorer:data":{"main":{"dock":{"type":"split-area","orientation":"horizontal","children":[{"type":"tab-area","widgets":["notebook:Guide.ipynb","editor:WRITEUP.md"],"currentIndex":0},{"type":"split-area","orientation":"vertical","children":[{"type":"tab-area","widgets":["editor:main.py","editor:inference.py"],"currentIndex":0},{"type":"tab-area","widgets":["terminal:1"],"currentIndex":0}],"sizes":[0.5,0.5]}],"sizes":[0.5,0.5]}}}}},"layout-5":{"data":{"layout-restorer:data":{"main":{"dock":{"type":"split-area","orientation":"horizontal","children":[{"type":"tab-area","widgets":["notebook:Guide.ipynb","editor:WRITEUP.md"],"currentIndex":0},{"type":"split-area","orientation":"vertical","children":[{"type":"tab-area","widgets":["editor:main.py","editor:inference.py"],"currentIndex":0},{"type":"tab-area","widgets":["terminal:1"],"currentIndex":0}],"sizes":[0.5,0.5]}],"sizes":[0.5,0.5]}}}}},"layout-6":{"data":{"layout-restorer:data":{"main":{"dock":{"type":"split-area","orientation":"horizontal","children":[{"type":"tab-area","widgets":["notebook:Guide.ipynb","editor:WRITEUP.md"],"currentIndex":0},{"type":"split-area","orientation":"vertical","children":[{"type":"tab-area","widgets":["editor:main.py","editor:inference.py"],"currentIndex":0},{"type":"tab-area","widgets":["terminal:1"],"currentIndex":0}],"sizes":[0.5,0.5]}],"sizes":[0.5,0.5]}}}}},"layout-7":{"data":{"layout-restorer:data":{"main":{"dock":{"type":"split-area","orientation":"horizontal","children":[{"type":"tab-area","widgets":["notebook:Guide.ipynb"],"currentIndex":0},{"type":"tab-area","widgets":["terminal:1"],"currentIndex":0}],"sizes":[0.480134698275862,0.5198653017241379]}}}}},"layout-8":{"data":{"layout-restorer:data":{"main":{"dock":{"type":"split-area","orientation":"horizontal","children":[{"type":"tab-area","widgets":["notebook:Guide.ipynb"],"currentIndex":0},{"type":"tab-area","widgets":["terminal:1"],"currentIndex":0}],"sizes":[0.480134698275862,0.5198653017241379]}}}}},"layout-9":{"data":{"layout-restorer:data":{"main":{"dock":{"type":"split-area","orientation":"horizontal","children":[{"type":"tab-area","widgets":["notebook:Guide.ipynb"],"currentIndex":0},{"type":"tab-area","widgets":["terminal:1"],"currentIndex":0}],"sizes":[0.480134698275862,0.5198653017241379]}}}}},"layout-10":{"data":{"layout-restorer:data":{"main":{"dock":{"type":"split-area","orientation":"horizontal","children":[{"type":"tab-area","widgets":["notebook:Guide.ipynb"],"currentIndex":0},{"type":"tab-area","widgets":["terminal:1"],"currentIndex":0}],"sizes":[0.480134698275862,0.5198653017241379]}}}}},"layout-11":{"data":{"layout-restorer:data":{"main":{"dock":{"type":"split-area","orientation":"horizontal","children":[{"type":"tab-area","widgets":["notebook:Guide.ipynb"],"currentIndex":0},{"type":"tab-area","widgets":["terminal:1"],"currentIndex":0}],"sizes":[0.480134698275862,0.5198653017241379]}}}}},"layout-12":{"data":{"layout-restorer:data":{"main":{"dock":{"type":"split-area","orientation":"horizontal","children":[{"type":"tab-area","widgets":["notebook:Guide.ipynb"],"currentIndex":0},{"type":"split-area","orientation":"vertical","children":[{"type":"tab-area","widgets":["editor:lesson-3-inference-engine/exercises/ex1-feed-ir-to-ie/starter/feed_network.py"],"currentIndex":0},{"type":"tab-area","widgets":["terminal:1"],"currentIndex":0}],"sizes":[0.5,0.5]}],"sizes":[0.4771938242381593,0.5228061757618407]}}}}},"layout-13":{"data":{"layout-restorer:data":{"main":{"dock":{"type":"split-area","orientation":"horizontal","children":[{"type":"tab-area","widgets":["notebook:Guide.ipynb"],"currentIndex":0},{"type":"split-area","orientation":"vertical","children":[{"type":"tab-area","widgets":["editor:lesson-3-inference-engine/exercises/ex2-inference-requests/starter/inference.py"],"currentIndex":0},{"type":"tab-area","widgets":["terminal:1"],"currentIndex":0}],"sizes":[0.5,0.5]}],"sizes":[0.4771938242381593,0.5228061757618407]}}}}},"layout-14":{"data":{"layout-restorer:data":{"main":{"dock":{"type":"split-area","orientation":"horizontal","children":[{"type":"tab-area","widgets":["notebook:Guide.ipynb"],"currentIndex":0},{"type":"split-area","orientation":"vertical","children":[{"type":"tab-area","widgets":["editor:lesson-3-inference-engine/exercises/ex3-integrate-app/starter/inference.py","editor:lesson-3-inference-engine/exercises/ex3-integrate-app/starter/app.py"],"currentIndex":1},{"type":"tab-area","widgets":["terminal:1"],"currentIndex":0}],"sizes":[0.5,0.5]}],"sizes":[0.4771938242381593,0.5228061757618407]}}}}},"layout-15":{"data":{"layout-restorer:data":{"main":{"dock":{"type":"split-area","orientation":"horizontal","children":[{"type":"tab-area","widgets":["notebook:Guide.ipynb"],"currentIndex":0},{"type":"split-area","orientation":"vertical","children":[{"type":"tab-area","widgets":["editor:lesson-4-deploy-edge-app/exercises/ex1-handling-input-streams/starter/app.py"],"currentIndex":0},{"type":"tab-area","widgets":["terminal:1"],"currentIndex":0}],"sizes":[0.5,0.5]}],"sizes":[0.4703583597941342,0.5296416402058658]}}}}},"layout-16":{"data":{"layout-restorer:data":{"main":{"dock":{"type":"split-area","orientation":"horizontal","children":[{"type":"tab-area","widgets":["notebook:Guide.ipynb"],"currentIndex":0},{"type":"split-area","orientation":"vertical","children":[{"type":"tab-area","widgets":["editor:lesson-4-deploy-edge-app/exercises/ex2-process-model-outputs/starter/app.py"],"currentIndex":0},{"type":"tab-area","widgets":["terminal:1"],"currentIndex":0}],"sizes":[0.5,0.5]}],"sizes":[0.4771938242381593,0.5228061757618407]}}}}},"layout-17":{"data":{"layout-restorer:data":{"main":{"dock":{"type":"split-area","orientation":"horizontal","children":[{"type":"tab-area","widgets":["notebook:Guide.ipynb"],"currentIndex":0},{"type":"split-area","orientation":"vertical","children":[{"type":"tab-area","widgets":["editor:app.py"],"currentIndex":0},{"type":"tab-area","widgets":["terminal:1"],"currentIndex":0}],"sizes":[0.5,0.5]}],"sizes":[0.4824530070108252,0.5175469929891748]}}}}}}}